Transaction_ID,Date,Customer_ID,Region,Sales_Channel,Product_Category,Units_Sold,Unit_Price,Discount_Rate,Revenue,Cost,Profit
1,2023-01-01,45821,North,Online,Electronics,2,1200,0.10,2160,1680,480
2,2023-01-02,39512,South,Store,Furniture,1,800,0.05,760,560,200
3,2023-01-03,61234,East,Online,Clothing,5,60,0.00,300,210,90
4,2023-01-04,78945,West,Store,Electronics,1,1500,0.15,1275,1050,225
5,2023-01-05,23451,North,Online,Furniture,3,450,0.10,1215,945,270
6,2023-01-06,34567,South,Store,Clothing,4,75,0.05,285,210,75
7,2023-01-07,56789,East,Online,Electronics,2,900,0.20,1440,1260,180
8,2023-01-08,67891,West,Store,Furniture,1,1100,0.10,990,770,220
9,2023-01-09,78912,North,Online,Clothing,6,55,0.00,330,231,99
10,2023-01-10,89123,South,Store,Electronics,1,2000,0.10,1800,1400,400
11,2023-01-11,91234,East,Online,Furniture,2,650,0.15,1105,910,195
12,2023-01-12,22345,West,Store,Clothing,3,90,0.05,256.5,189,67.5
13,2023-01-13,33456,North,Online,Electronics,1,1300,0.10,1170,910,260
14,2023-01-14,44567,South,Store,Furniture,2,700,0.05,1330,980,350
15,2023-01-15,55678,East,Online,Clothing,4,80,0.10,288,224,64
16,2023-01-16,66789,West,Store,Electronics,3,950,0.15,2422.5,1995,427.5
17,2023-01-17,77891,North,Online,Furniture,1,500,0.10,450,350,100
18,2023-01-18,88912,South,Store,Clothing,5,65,0.00,325,227.5,97.5
19,2023-01-19,99123,East,Online,Electronics,2,1400,0.05,2660,1960,700
20,2023-01-20,11223,West,Store,Furniture,1,1200,0.10,1080,840,240
21,2023-01-21,22334,North,Online,Clothing,7,50,0.00,350,245,105
22,2023-01-22,33445,South,Store,Electronics,1,1800,0.20,1440,1260,180
23,2023-01-23,44556,East,Online,Furniture,2,600,0.10,1080,840,240
24,2023-01-24,55667,West,Store,Clothing,3,70,0.05,199.5,147,52.5
25,2023-01-25,66778,North,Online,Electronics,1,1600,0.10,1440,1120,320
26,2023-01-26,77889,South,Store,Furniture,4,400,0.15,1360,1120,240
27,2023-01-27,88990,East,Online,Clothing,2,95,0.05,180.5,133,47.5
28,2023-01-28,99001,West,Store,Electronics,1,1750,0.10,1575,1225,350
29,2023-01-29,10112,North,Online,Furniture,3,550,0.10,1485,1155,330
30,2023-01-30,21223,South,Store,Clothing,4,85,0.05,323,238,85